155.169.26.141, 2024-09-17 09:52:24, success, false, 
148.97.196.249, 2024-09-25 00:13:31, failure, false, 
193.176.149.151, 2024-09-15 09:13:01, failure, false, 
141.129.74.253, 2024-04-30 19:32:21, failure, true, 
205.79.233.206, 2024-07-21 04:56:33, success, false, 
80.48.248.160, 2024-08-20 08:25:46, success, false, 
160.133.18.207, 2024-01-15 17:32:34, success, false, 
107.45.54.224, 2024-11-03 00:03:46, success, false, 
34.80.90.58, 2024-03-16 03:11:09, success, false, 
77.9.252.8, 2024-06-29 07:17:55, failure, false, 
234.235.121.253, 2024-12-11 21:06:25, success, false, 
111.145.180.19, 2024-04-04 16:07:01, success, false, 
240.92.77.120, 2024-06-29 20:48:32, failure, false, 
237.173.46.77, 2024-06-01 23:21:59, success, false, 
90.208.48.136, 2024-05-17 01:59:47, success, false, 
95.165.220.203, 2024-04-06 12:25:31, failure, false, 
241.132.83.83, 2024-05-03 12:49:27, failure, false, 
168.124.103.186, 2024-07-04 12:22:13, failure, false, 
0.68.112.127, 2024-08-23 21:44:12, success, false, 
41.154.124.141, 2024-11-10 22:42:23, failure, false, 
161.29.38.195, 2024-05-28 10:47:31, failure, false, 
84.146.182.119, 2024-12-05 15:53:25, success, false, 
15.229.19.237, 2024-07-12 10:13:24, success, false, 
121.102.70.246, 2024-09-20 08:59:27, success, false, 
22.71.90.85, 2024-04-14 21:05:37, failure, false, 
40.46.159.65, 2024-02-16 00:12:19, failure, true, 
104.187.216.188, 2024-06-10 07:31:20, failure, false, 
106.30.245.242, 2024-06-21 21:46:02, failure, false, 
94.163.147.254, 2024-06-25 04:22:20, failure, true, 
162.108.204.98, 2024-06-14 15:05:30, success, false, 
232.202.190.198, 2024-02-28 09:12:25, success, false, 
81.207.99.175, 2024-09-28 11:20:44, failure, false, 
214.154.38.171, 2024-02-12 19:50:19, success, false, 
206.36.154.126, 2024-05-14 02:23:53, success, false, 
123.234.54.30, 2024-03-31 04:58:46, failure, false, 
16.103.227.246, 2024-10-17 08:37:10, success, false, 
145.209.191.156, 2024-10-29 01:06:28, failure, true, 
167.71.163.235, 2024-04-13 17:30:27, success, false, 
63.146.171.145, 2024-12-12 01:13:09, failure, false, 
21.43.54.22, 2024-05-26 05:46:39, success, false, 
180.113.34.175, 2024-06-15 09:38:42, success, false, 
210.253.139.87, 2024-09-05 04:00:56, failure, false, 
249.191.10.156, 2024-02-20 20:37:40, failure, false, 
135.153.33.119, 2024-06-21 05:50:03, failure, false, 
137.241.26.56, 2024-11-16 17:40:24, success, false, 
28.248.143.62, 2024-08-11 18:13:15, success, false, 
236.135.87.166, 2024-01-15 13:19:51, success, false, 
144.214.113.240, 2024-09-17 12:33:10, success, false, 
187.200.46.174, 2024-03-23 14:53:02, success, false, 
1.91.141.186, 2024-12-15 05:16:14, success, false, 
219.29.9.144, 2024-05-31 23:50:06, success, false, 
34.88.180.199, 2024-02-26 20:18:00, failure, false, 
204.75.81.142, 2024-09-25 23:59:42, failure, false, 
181.194.237.73, 2024-07-19 20:09:31, failure, false, 
139.150.29.103, 2024-02-28 19:55:30, failure, false, 
188.90.115.187, 2024-07-27 03:27:52, failure, false, 
1.65.8.96, 2024-04-20 21:36:33, success, false, 
122.162.113.189, 2024-08-14 08:49:30, success, false, 
93.93.70.147, 2024-11-09 06:32:46, failure, false, 
211.163.44.102, 2024-11-13 21:48:57, failure, false, 
182.48.227.126, 2024-08-27 04:32:48, failure, false, 
245.28.217.114, 2024-03-23 07:08:58, failure, false, 
75.100.203.109, 2024-12-07 14:43:49, failure, false, 
107.136.182.111, 2024-01-04 02:44:30, success, false, 
213.167.18.103, 2024-05-15 16:52:30, failure, false, 
253.29.100.105, 2024-11-29 16:15:54, success, false, 
241.90.212.99, 2024-10-29 04:08:20, success, false, 
177.25.114.209, 2024-06-22 12:54:58, failure, false, 
61.201.147.35, 2024-05-01 12:40:51, failure, false, 
150.180.43.143, 2024-04-27 16:41:03, failure, false, 
210.140.48.250, 2024-08-07 00:23:52, failure, false, 
134.142.215.191, 2024-07-07 11:51:42, failure, false, 
153.61.152.149, 2024-05-23 04:13:04, failure, true, 
216.112.199.115, 2024-07-23 07:56:50, failure, false, 
221.200.184.17, 2024-01-14 20:51:13, success, false, 
77.43.53.212, 2024-10-07 00:12:35, success, false, 
15.11.215.180, 2024-10-12 04:10:13, failure, false, 
231.12.9.133, 2024-11-10 10:00:25, success, false, 
82.36.140.157, 2024-11-17 20:56:01, success, false, 
9.160.8.93, 2024-02-26 11:18:34, success, false, 
198.58.216.4, 2024-07-08 05:45:07, failure, false, 
205.139.193.84, 2024-03-01 19:25:27, failure, false, 
158.18.230.220, 2024-11-26 07:44:22, success, false, 
28.102.9.37, 2024-04-05 20:15:19, failure, false, 
63.153.150.150, 2024-01-30 04:12:08, failure, false, 
59.248.210.148, 2024-01-21 17:58:40, failure, false, 
208.16.48.144, 2024-11-03 23:23:38, success, false, 
6.172.66.152, 2024-05-08 09:30:06, success, false, 
110.53.95.195, 2024-01-15 01:40:44, success, false, 
36.11.185.21, 2024-04-04 04:32:58, failure, false, 
244.9.145.160, 2024-03-09 05:27:26, success, false, 
122.49.53.253, 2024-07-15 04:03:13, failure, false, 
140.244.94.33, 2024-02-16 19:20:53, success, false, 
143.10.120.89, 2024-06-15 14:18:48, failure, false, 
1.83.228.100, 2024-06-05 17:28:20, success, false, 
231.59.239.251, 2024-01-27 10:58:12, failure, false, 
174.25.59.223, 2024-09-27 00:42:04, failure, true, 
28.243.248.71, 2024-10-07 07:36:34, success, false, 
135.131.53.211, 2024-04-22 21:13:26, success, false, 
25.163.70.101, 2024-01-18 21:42:48, success, false, 
206.240.61.62, 2024-05-07 04:57:57, failure, false, 
119.112.132.176, 2024-03-07 07:41:10, success, false, 
185.59.46.176, 2024-07-22 19:48:19, success, false, 
4.83.42.142, 2024-02-19 14:23:04, success, false, 
126.49.11.227, 2024-08-08 12:40:50, failure, false, 
242.161.214.254, 2024-04-14 01:12:15, failure, false, 
92.213.0.48, 2024-11-23 11:53:06, failure, false, 
52.36.183.133, 2024-11-07 14:46:03, success, false, 
231.223.74.157, 2024-06-16 08:07:12, success, false, 
93.215.109.16, 2024-09-25 23:56:08, success, false, 
175.0.238.34, 2024-11-09 19:20:48, success, false, 
54.30.164.196, 2024-07-14 21:53:11, failure, false, 
188.39.91.124, 2024-12-25 00:59:09, success, false, 
237.201.232.247, 2024-10-07 14:02:18, success, false, 
90.192.162.39, 2024-07-08 19:05:29, failure, false, 
114.74.30.175, 2024-06-06 21:01:06, failure, false, 
125.112.130.143, 2024-03-13 14:04:23, success, false, 
42.252.242.19, 2024-07-11 08:13:46, failure, false, 
200.106.217.143, 2024-03-22 08:21:07, success, false, 
186.166.57.59, 2024-01-07 23:41:23, failure, false, 
87.190.52.199, 2024-11-02 15:29:50, success, false, 
194.202.154.85, 2024-01-19 12:07:36, failure, false, 
164.200.39.91, 2024-02-11 09:35:04, success, false, 
188.84.17.111, 2024-12-16 04:38:49, failure, false, 
110.240.16.26, 2024-01-25 04:36:51, failure, false, 
130.137.0.206, 2024-12-24 04:11:04, success, false, 
188.198.58.1, 2024-02-08 01:19:41, failure, false, 
52.31.233.209, 2024-09-12 01:34:15, success, false, 
119.99.140.242, 2024-07-25 23:14:23, failure, false, 
207.252.186.143, 2024-10-25 23:32:22, failure, false, 
185.2.214.123, 2024-03-26 14:02:54, failure, false, 
206.9.127.238, 2024-04-10 15:22:33, failure, false, 
212.221.140.83, 2024-04-28 09:37:08, success, false, 
206.180.16.252, 2024-09-19 08:09:46, success, false, 
89.109.72.75, 2024-10-01 00:31:38, success, false, 
142.114.10.34, 2024-09-17 12:00:43, failure, false, 
48.251.221.194, 2024-02-02 14:48:28, failure, false, 
22.85.93.38, 2024-12-30 06:24:47, success, false, 
24.144.136.66, 2024-09-23 22:02:05, failure, false, 
127.140.125.57, 2024-04-18 00:48:04, failure, false, 
69.104.43.247, 2024-03-01 02:21:27, failure, false, 
87.76.231.10, 2024-03-29 21:46:44, failure, false, 
54.124.173.179, 2024-07-19 15:45:04, failure, false, 
255.61.10.153, 2024-03-02 13:25:47, failure, false, 
99.218.114.129, 2024-11-15 05:55:05, success, false, 
116.58.92.180, 2024-04-26 04:02:11, failure, false, 
225.160.72.48, 2024-10-13 20:48:50, failure, false, 
50.87.138.126, 2024-07-27 01:22:11, failure, true, 
20.202.98.141, 2024-07-15 23:40:24, failure, false, 
253.226.100.92, 2024-02-20 01:41:14, failure, false, 
208.251.72.35, 2024-01-23 07:46:16, success, false, 
253.195.233.180, 2024-05-28 10:07:03, success, false, 
188.185.135.191, 2024-06-14 19:57:00, failure, false, 
127.204.20.3, 2024-07-23 01:01:36, failure, true, 
226.99.40.172, 2024-12-03 22:35:53, success, false, 
253.73.188.218, 2024-07-28 12:25:50, failure, false, 
55.30.218.97, 2024-01-31 13:16:49, failure, false, 
215.198.20.231, 2024-12-04 03:33:37, success, false, 
88.65.108.254, 2024-11-24 13:30:25, failure, false, 
151.133.204.194, 2024-05-30 22:23:35, failure, false, 
247.105.34.173, 2024-07-23 08:28:02, success, false, 
197.157.165.180, 2024-02-11 21:26:07, success, false, 
130.2.236.222, 2024-04-25 23:19:22, failure, false, 
218.3.39.192, 2024-03-16 11:48:09, failure, true, 
143.18.5.111, 2024-05-12 18:29:27, failure, false, 
206.88.13.74, 2024-11-27 02:15:35, success, false, 
110.212.33.50, 2024-08-29 03:40:02, failure, false, 
240.80.148.154, 2024-01-07 09:01:07, success, false, 
55.93.232.243, 2024-12-03 07:28:03, success, false, 
196.163.224.139, 2024-08-18 16:47:13, success, false, 
84.85.174.32, 2024-01-29 01:13:08, failure, false, 
235.77.137.188, 2024-02-04 14:16:24, success, false, 
243.213.253.131, 2024-05-03 11:17:03, failure, false, 
100.206.108.231, 2024-07-16 11:36:46, failure, false, 
171.109.125.144, 2024-11-24 17:02:07, success, false, 
41.138.192.30, 2024-08-20 04:55:28, failure, false, 
69.13.23.144, 2024-08-20 12:18:36, failure, false, 
245.111.129.226, 2024-04-11 09:21:26, failure, false, 
95.43.100.84, 2024-06-03 22:29:40, failure, true, 
70.208.231.148, 2024-08-13 03:57:08, failure, false, 
54.100.228.0, 2024-04-30 02:38:01, failure, false, 
186.150.108.42, 2024-04-04 17:36:22, success, false, 
241.36.206.150, 2024-01-01 17:08:14, failure, false, 
165.189.7.66, 2024-04-30 02:53:41, success, false, 
37.189.11.18, 2024-11-20 12:59:27, success, false, 
29.205.32.198, 2024-05-27 13:40:51, success, false, 
122.163.65.232, 2024-09-04 06:07:02, success, false, 
194.202.186.135, 2024-01-14 18:55:29, success, false, 
6.138.4.217, 2024-07-22 03:48:24, failure, false, 
209.71.248.137, 2024-07-30 16:00:44, success, false, 
231.110.189.4, 2024-04-11 22:15:24, success, false, 
101.39.43.237, 2024-10-09 22:56:00, failure, false, 
126.116.41.220, 2024-02-04 01:23:19, success, false, 
212.15.118.101, 2024-05-03 02:51:16, failure, false, 
19.254.170.229, 2024-08-22 22:06:24, failure, false, 
6.221.163.219, 2024-07-28 22:27:48, success, false, 
119.209.180.191, 2024-07-09 10:13:32, failure, true, 
77.191.124.0, 2024-10-30 04:07:28, success, false, 
24.76.80.17, 2024-01-29 01:59:34, failure, false, 
148.175.28.44, 2024-04-12 20:56:49, success, false, 
212.201.166.62, 2024-01-26 17:41:13, success, false, 
255.175.222.191, 2024-10-24 05:56:28, failure, false, 
9.177.23.102, 2024-12-19 11:10:02, success, false, 
5.170.125.151, 2024-08-11 02:05:12, failure, false, 
195.96.75.233, 2024-09-11 01:22:42, failure, false, 
159.73.255.106, 2024-04-09 03:28:58, failure, false, 
27.78.171.74, 2024-05-22 20:58:39, failure, false, 
6.204.160.107, 2024-08-19 20:45:41, failure, false, 
87.38.68.50, 2024-08-31 05:06:51, success, false, 
160.211.192.69, 2024-05-02 02:04:33, failure, false, 
58.1.89.119, 2024-02-10 23:24:52, failure, false, 
183.44.247.149, 2024-10-16 20:46:37, success, false, 
123.72.19.40, 2024-07-07 13:28:07, success, false, 
207.127.119.214, 2024-08-16 18:54:22, failure, false, 
143.34.113.201, 2024-08-20 10:21:32, success, false, 
11.244.158.209, 2024-11-20 10:37:51, failure, false, 
203.194.156.35, 2024-03-23 11:58:34, success, false, 
135.152.210.137, 2024-10-25 00:39:13, failure, false, 
35.182.41.131, 2024-01-11 00:19:19, success, false, 
162.216.36.98, 2024-02-17 17:35:11, success, false, 
29.206.6.167, 2024-09-20 14:02:26, success, false, 
201.77.98.252, 2024-09-01 20:43:05, failure, false, 
100.164.81.159, 2024-11-17 00:19:40, failure, false, 
164.109.73.209, 2024-11-20 16:40:47, failure, false, 
87.16.35.110, 2024-04-28 07:33:49, success, false, 
25.210.195.59, 2024-11-22 04:47:24, failure, false, 
114.115.217.92, 2024-07-17 12:16:54, failure, false, 
176.38.119.196, 2024-10-13 13:43:16, failure, true, 
39.83.119.150, 2024-04-14 00:22:57, success, false, 
87.244.42.151, 2024-01-23 00:52:51, success, false, 
122.50.67.188, 2024-08-08 13:39:17, success, false, 
213.157.92.104, 2024-02-18 17:40:48, success, false, 
110.159.94.212, 2024-03-08 00:45:02, success, false, 
212.238.201.24, 2024-08-03 22:35:02, failure, false, 
132.149.251.75, 2024-04-20 06:42:49, success, false, 
191.83.101.198, 2024-03-30 12:48:19, success, false, 
41.189.200.171, 2024-04-05 07:04:33, success, false, 
36.34.201.61, 2024-05-14 21:29:58, failure, false, 
205.76.22.132, 2024-03-02 21:18:47, success, false, 
178.54.161.184, 2024-03-06 19:52:14, failure, false, 
200.202.189.50, 2024-07-23 21:41:21, success, false, 
18.112.216.254, 2024-05-28 05:06:37, success, false, 
130.9.241.40, 2024-06-24 14:01:44, failure, false, 
182.152.91.240, 2024-03-15 22:22:39, success, false, 
238.137.154.216, 2024-07-05 05:46:39, failure, false, 
134.87.114.17, 2024-12-01 17:46:57, failure, false, 
232.225.57.233, 2024-09-30 15:31:10, failure, false, 
70.235.177.241, 2024-05-20 00:29:18, success, false, 
73.96.230.95, 2024-12-24 21:47:01, failure, false, 
56.177.174.200, 2024-03-30 18:52:02, success, false, 
196.68.22.91, 2024-01-22 01:10:04, success, false, 
147.248.52.66, 2024-06-17 10:42:23, success, false, 
0.80.95.63, 2024-09-28 16:45:19, success, false, 
212.164.85.194, 2024-05-22 04:29:07, success, false, 
245.68.94.24, 2024-01-15 02:37:45, success, false, 
121.28.81.120, 2024-09-17 12:20:29, success, false, 
164.75.202.222, 2024-02-08 09:12:05, success, false, 
1.157.82.114, 2024-01-14 00:03:01, failure, false, 
96.0.209.217, 2024-11-02 22:53:53, success, false, 
123.181.232.85, 2024-04-27 04:03:07, failure, false, 
0.48.27.204, 2024-03-23 13:25:50, success, false, 
113.145.169.227, 2024-05-18 02:57:53, success, false, 
151.6.79.153, 2024-03-01 11:46:49, failure, false, 
245.87.8.11, 2024-02-20 11:32:57, success, false, 
70.183.147.241, 2024-07-07 20:44:11, success, false, 
193.142.114.31, 2024-04-18 20:29:44, failure, false, 
37.109.174.26, 2024-06-19 14:42:28, success, false, 
213.112.168.58, 2024-06-05 20:46:01, success, false, 
107.100.102.174, 2024-08-24 05:44:39, success, false, 
233.166.89.49, 2024-04-25 06:58:49, failure, false, 
62.172.57.75, 2024-08-07 22:43:55, success, false, 
145.175.41.53, 2024-06-14 01:27:54, success, false, 
100.85.211.13, 2024-12-28 13:09:15, success, false, 
36.134.175.195, 2024-07-22 08:31:51, success, false, 
58.74.103.249, 2024-03-07 17:15:34, failure, false, 
36.85.96.159, 2024-03-13 20:07:19, success, false, 
31.58.134.65, 2024-07-03 03:59:08, success, false, 
42.181.166.72, 2024-06-06 00:38:43, success, false, 
151.168.103.9, 2024-05-15 05:23:32, success, false, 
107.17.183.120, 2024-02-28 07:52:23, failure, false, 
238.147.110.235, 2024-06-21 18:49:32, failure, false, 
104.235.85.72, 2024-09-20 19:41:54, failure, false, 
250.145.177.163, 2024-02-06 19:50:44, success, false, 
212.232.114.97, 2024-05-04 00:05:30, failure, false, 
221.193.172.57, 2024-12-19 16:55:57, success, false, 
232.109.85.71, 2024-06-16 15:52:51, success, false, 
154.115.84.82, 2024-01-08 05:19:47, success, false, 
241.149.170.86, 2024-09-12 05:34:32, failure, false, 
244.145.255.47, 2024-08-17 00:12:28, success, false, 
226.25.215.196, 2024-10-26 12:12:27, success, false, 
68.22.56.51, 2024-12-15 13:52:11, failure, false, 
228.69.115.108, 2024-08-12 02:05:50, failure, false, 
48.90.92.210, 2024-11-06 21:12:06, success, false, 
171.67.165.0, 2024-02-07 21:13:45, failure, false, 
174.36.171.93, 2024-10-12 11:48:41, failure, false, 
194.207.125.185, 2024-01-18 10:06:25, failure, false, 
128.96.18.12, 2024-07-16 23:29:44, success, false, 
55.196.14.16, 2024-08-04 16:49:47, failure, false, 
228.23.75.254, 2024-01-29 16:15:35, success, false, 
218.235.62.101, 2024-08-12 15:21:44, success, false, 
21.142.126.190, 2024-10-07 02:42:21, failure, false, 
47.230.219.231, 2024-01-11 20:13:56, failure, false, 
218.70.214.233, 2024-12-27 08:01:00, failure, false, 
172.233.18.57, 2024-10-31 13:07:50, success, false, 
56.123.164.201, 2024-06-13 20:49:49, success, false, 
53.49.19.216, 2024-05-06 16:46:14, success, false, 
89.176.186.108, 2024-06-18 09:22:05, failure, false, 
241.242.195.223, 2024-04-28 17:59:16, failure, false, 
137.191.241.102, 2024-11-28 08:52:13, failure, false, 
189.90.104.187, 2024-10-09 21:55:19, failure, false, 
140.253.181.56, 2024-09-14 16:28:41, failure, false, 
199.109.16.35, 2024-12-03 14:20:45, failure, false, 
172.247.252.162, 2024-10-31 12:36:27, success, false, 
196.81.90.250, 2024-04-14 02:02:24, success, false, 
65.218.241.210, 2024-09-08 18:13:08, success, false, 
235.22.175.89, 2024-03-18 05:47:26, success, false, 
73.148.15.147, 2024-12-13 09:03:47, success, false, 
161.78.250.119, 2024-01-17 21:50:30, success, false, 
108.135.46.14, 2024-08-23 03:09:39, failure, false, 
45.21.155.207, 2024-08-05 11:31:46, success, false, 
32.105.89.13, 2024-02-09 14:25:23, success, false, 
23.101.126.251, 2024-03-26 02:24:19, success, false, 
46.228.27.227, 2024-05-05 12:55:32, failure, false, 
36.209.76.196, 2024-12-25 13:50:03, failure, true, 
64.241.225.221, 2024-02-14 23:49:52, failure, false, 
134.246.85.71, 2024-08-24 03:06:38, failure, false, 
53.47.162.169, 2024-09-19 14:30:45, success, false, 
223.20.4.129, 2024-11-25 04:21:41, failure, false, 
88.73.33.34, 2024-03-28 09:43:13, success, false, 
215.81.22.120, 2024-10-30 14:52:13, success, false, 
226.37.43.137, 2024-05-25 15:32:28, success, false, 
233.172.117.186, 2024-06-04 06:58:40, failure, false, 
12.0.184.155, 2024-08-13 10:46:21, failure, false, 
11.252.57.232, 2024-07-21 10:59:15, success, false, 
166.1.194.210, 2024-08-19 03:12:16, success, false, 
183.135.18.132, 2024-12-08 20:08:23, failure, true, 
131.150.61.242, 2024-07-05 23:16:58, success, false, 
78.56.112.131, 2024-11-02 21:14:17, failure, false, 
250.64.59.67, 2024-07-02 21:25:14, failure, false, 
20.72.65.55, 2024-03-22 11:58:12, success, false, 
188.162.237.154, 2024-09-18 18:51:08, failure, false, 
203.0.10.157, 2024-09-13 03:05:09, success, false, 
9.1.104.28, 2024-06-09 18:07:40, failure, false, 
46.160.251.4, 2024-06-28 10:06:02, failure, false, 
244.238.173.226, 2024-06-04 21:11:10, failure, false, 
205.105.154.36, 2024-07-18 05:47:43, success, false, 
76.144.84.49, 2024-06-17 23:35:55, failure, false, 
219.123.195.236, 2024-06-18 11:47:59, failure, false, 
254.162.114.20, 2024-07-14 06:53:58, success, false, 
28.50.232.28, 2024-06-24 10:41:55, success, false, 
34.37.96.132, 2024-09-27 21:29:44, success, false, 
214.155.163.233, 2024-02-20 03:46:23, failure, false, 
103.5.152.71, 2024-08-16 15:13:10, success, false, 
164.150.28.48, 2024-10-01 15:33:47, failure, true, 
245.154.144.128, 2024-01-27 02:31:04, failure, false, 
100.51.72.194, 2024-12-27 05:27:33, failure, false, 
154.131.67.89, 2024-04-17 08:17:28, success, false, 
196.20.2.60, 2024-09-05 07:32:23, success, false, 
159.177.198.105, 2024-07-26 22:55:10, failure, false, 
51.214.249.62, 2024-06-08 05:21:35, success, false, 
29.254.18.136, 2024-05-09 11:56:51, failure, false, 
209.101.178.130, 2024-05-07 07:09:43, success, false, 
249.194.127.80, 2024-06-02 07:04:15, failure, false, 
253.81.154.242, 2024-03-28 04:30:53, failure, false, 
237.77.158.170, 2024-03-24 08:41:13, failure, false, 
162.54.200.219, 2024-08-14 01:31:46, failure, false, 
90.45.238.66, 2024-06-20 08:40:01, failure, false, 
65.165.179.15, 2024-05-27 09:36:52, failure, false, 
175.243.252.97, 2024-07-27 19:58:02, success, false, 
132.174.241.244, 2024-01-09 01:40:21, success, false, 
48.23.173.210, 2024-04-28 14:28:39, success, false, 
172.81.205.226, 2024-11-08 21:49:15, failure, false, 
21.181.197.234, 2024-06-02 13:38:46, failure, false, 
235.44.127.130, 2024-08-31 13:42:07, success, false, 
229.217.160.254, 2024-12-09 21:16:44, failure, false, 
198.232.102.4, 2024-03-22 14:15:22, failure, true, 
167.104.89.8, 2024-03-23 21:21:26, success, false, 
221.81.208.65, 2024-07-31 05:41:41, success, false, 
145.58.42.118, 2024-11-09 22:34:05, success, false, 
234.178.165.206, 2024-10-28 03:06:57, success, false, 
137.79.41.144, 2024-04-19 21:21:29, success, false, 
192.68.220.30, 2024-07-12 20:02:36, success, false, 
135.137.77.241, 2024-11-11 01:09:46, success, false, 
110.100.150.150, 2024-07-02 07:27:11, failure, true, 
223.44.133.52, 2024-08-02 12:44:50, failure, false, 
167.29.154.94, 2024-12-03 02:20:39, success, false, 
4.164.89.197, 2024-01-18 21:15:47, success, false, 
147.203.193.12, 2024-03-24 10:32:58, success, false, 
116.44.102.242, 2024-01-21 09:13:54, failure, false, 
222.182.26.158, 2024-08-24 15:56:20, success, false, 
150.135.149.95, 2024-12-07 13:31:35, failure, false, 
229.16.139.223, 2024-11-30 18:57:08, success, false, 
174.108.157.108, 2024-09-08 17:22:55, failure, false, 
138.115.73.125, 2024-01-31 05:06:53, success, false, 
123.152.163.76, 2024-03-13 22:50:49, failure, false, 
98.175.197.169, 2024-10-20 05:43:03, failure, false, 
24.57.254.207, 2024-12-24 11:48:14, failure, false, 
97.155.43.148, 2024-02-19 18:24:21, failure, false, 
131.251.229.6, 2024-08-03 12:18:44, failure, false, 
190.59.233.176, 2024-02-07 18:08:50, success, false, 
0.239.71.26, 2024-07-20 06:01:41, failure, false, 
66.253.26.226, 2024-11-29 04:01:57, failure, true, 
225.114.227.51, 2024-06-12 22:58:07, failure, false, 
14.255.250.225, 2024-01-21 15:45:29, failure, false, 
42.13.216.142, 2024-07-18 15:12:32, success, false, 
84.204.124.14, 2024-12-12 22:24:29, success, false, 
242.177.142.164, 2024-10-13 10:41:40, success, false, 
118.88.87.244, 2024-07-05 16:31:20, success, false, 
133.201.124.110, 2024-03-19 11:12:35, failure, false, 
62.154.135.70, 2024-02-27 04:08:20, failure, false, 
64.10.153.232, 2024-03-04 22:26:41, failure, false, 
222.230.125.117, 2024-09-01 12:35:01, success, false, 
133.106.37.186, 2024-07-20 09:25:11, success, false, 
87.78.175.124, 2024-12-29 18:10:40, success, false, 
17.13.133.124, 2024-11-03 04:15:32, success, false, 
209.12.92.237, 2024-05-29 12:32:25, failure, false, 
8.171.145.245, 2024-05-30 16:18:53, success, false, 
252.131.201.208, 2024-07-24 15:48:59, success, false, 
123.110.3.132, 2024-07-18 20:41:27, failure, false, 
162.141.171.184, 2024-04-07 19:48:50, success, false, 
195.169.12.95, 2024-05-19 05:59:28, success, false, 
48.20.76.209, 2024-03-15 03:45:54, failure, false, 
222.135.108.68, 2024-12-17 01:17:50, failure, false, 
78.229.211.203, 2024-09-02 12:16:41, failure, false, 
105.163.9.132, 2024-03-08 01:43:19, failure, false, 
161.236.159.112, 2024-12-24 10:01:15, failure, false, 
204.221.19.109, 2024-08-09 05:18:34, failure, false, 
240.59.252.8, 2024-05-30 17:55:28, failure, false, 
239.217.47.207, 2024-10-22 07:45:32, success, false, 
164.97.142.98, 2024-06-14 02:58:51, success, false, 
184.47.51.155, 2024-10-24 05:11:27, success, false, 
112.193.206.76, 2024-10-16 17:26:17, failure, false, 
4.136.100.21, 2024-10-20 11:06:21, success, false, 
87.161.240.233, 2024-02-23 13:21:39, success, false, 
250.236.192.10, 2024-08-07 11:41:15, success, false, 
202.48.152.52, 2024-10-18 17:22:32, failure, false, 
61.222.30.39, 2024-03-28 14:15:49, success, false, 
241.74.186.21, 2024-03-20 04:26:50, failure, true, 
2.12.125.20, 2024-07-07 01:06:05, success, false, 
205.8.213.71, 2024-12-09 01:32:37, failure, false, 
227.123.217.20, 2024-01-08 01:37:35, failure, false, 
211.45.98.235, 2024-09-15 12:33:31, failure, false, 
249.113.147.189, 2024-03-13 08:28:48, success, false, 
15.68.8.124, 2024-09-08 21:49:10, failure, false, 
117.165.79.18, 2024-07-22 01:03:07, failure, false, 
99.181.100.145, 2024-08-02 23:53:18, success, false, 
249.83.140.211, 2024-03-20 19:55:08, failure, false, 
96.100.49.49, 2024-08-13 00:10:06, success, false, 
142.219.21.24, 2024-06-02 06:09:43, success, false, 
180.129.174.209, 2024-01-26 04:15:39, success, false, 
35.109.161.125, 2024-09-19 09:46:47, failure, false, 
172.119.128.127, 2024-11-13 03:01:53, failure, false, 
116.16.76.14, 2024-11-05 19:11:12, success, false, 
236.91.190.38, 2024-11-05 22:01:17, failure, false, 
139.141.221.3, 2024-06-29 00:03:52, failure, false, 
237.23.28.43, 2024-06-06 15:54:29, failure, false, 
33.65.58.35, 2024-07-29 14:16:42, success, false, 
11.33.238.156, 2024-07-03 00:37:05, failure, false, 
71.63.12.96, 2024-04-04 10:45:26, success, false, 
137.114.125.0, 2024-03-28 20:51:11, success, false, 
146.210.245.196, 2024-09-22 09:05:01, success, false, 
103.101.201.167, 2024-02-18 10:24:09, failure, false, 
65.148.26.85, 2024-01-30 11:45:10, failure, false, 
219.105.147.161, 2024-12-30 10:27:11, success, false, 
10.71.85.187, 2024-05-13 02:51:16, failure, false, 
225.111.48.142, 2024-09-06 10:11:05, failure, false, 
24.114.116.148, 2024-09-27 08:13:03, failure, false, 
226.57.219.102, 2024-05-14 02:39:37, success, false, 
247.193.55.174, 2024-11-14 23:31:10, failure, false, 
74.25.102.24, 2024-05-24 14:52:37, success, false, 
72.236.38.246, 2024-12-26 15:25:25, failure, false, 
35.219.228.200, 2024-11-21 22:09:33, success, false, 
68.133.162.67, 2024-11-10 13:55:16, success, false, 
231.103.117.99, 2024-03-10 18:15:09, success, false, 
175.9.196.126, 2024-09-10 00:20:26, failure, false, 
36.147.177.75, 2024-02-28 10:28:05, success, false, 
164.158.203.39, 2024-10-15 20:54:27, success, false, 
91.200.180.71, 2024-11-25 11:29:03, success, false, 
193.46.29.42, 2024-05-23 22:50:21, success, false, 
29.186.77.99, 2024-01-24 08:25:56, failure, false, 
69.228.57.217, 2024-04-21 21:09:08, failure, false, 
163.57.127.253, 2024-07-14 03:50:38, success, false, 
96.17.231.177, 2024-07-26 10:45:59, failure, false, 
151.123.94.10, 2024-07-07 00:06:10, success, false, 
13.92.2.22, 2024-07-31 06:33:48, failure, false, 
43.221.214.240, 2024-08-14 08:32:05, failure, false, 
121.250.9.26, 2024-04-24 13:28:14, success, false, 
147.87.79.147, 2024-09-20 10:17:47, failure, false, 
23.249.160.137, 2024-08-13 20:24:48, failure, false, 
183.79.240.180, 2024-02-09 03:14:38, success, false, 
1.53.151.116, 2024-08-30 06:33:53, failure, false, 
82.173.134.240, 2024-06-01 02:19:08, failure, false, 
58.197.9.250, 2024-01-09 23:07:02, failure, true, 
73.207.69.37, 2024-05-18 15:55:36, failure, false, 
99.143.154.200, 2024-10-10 05:13:34, success, false, 
184.19.228.23, 2024-04-06 18:16:15, failure, false, 
118.233.192.39, 2024-11-19 21:24:19, success, false, 
144.189.167.113, 2024-12-26 00:20:14, success, false, 
233.205.90.49, 2024-06-22 09:59:32, failure, false, 
4.52.227.165, 2024-06-07 14:17:49, success, false, 
110.112.177.138, 2024-04-15 15:33:27, failure, false, 
89.131.150.78, 2024-04-24 08:25:58, success, false, 
43.189.82.229, 2024-10-14 10:46:04, success, false, 
48.49.228.211, 2024-07-30 19:20:37, success, false, 
141.174.59.124, 2024-12-28 06:38:47, failure, false, 
21.23.232.93, 2024-05-21 16:21:33, success, false, 
37.6.163.52, 2024-04-05 17:34:34, success, false, 
74.67.99.202, 2024-03-03 14:56:59, failure, true, 
66.232.131.200, 2024-09-29 03:37:20, success, false, 
181.200.9.28, 2024-05-11 08:05:41, success, false, 
121.33.109.208, 2024-05-11 08:26:47, failure, false, 
156.91.12.135, 2024-06-30 22:05:02, failure, false, 
189.174.80.92, 2024-03-04 15:40:51, success, false, 
203.19.64.107, 2024-04-06 04:39:26, failure, false, 
34.242.204.49, 2024-04-18 17:16:46, failure, false, 
35.217.92.161, 2024-03-02 10:05:06, failure, false, 
62.26.55.185, 2024-07-20 21:32:55, success, false, 
21.180.143.45, 2024-06-25 14:26:46, success, false, 
125.52.200.247, 2024-06-15 05:07:07, failure, false, 
36.103.78.80, 2024-05-13 14:39:00, success, false, 
67.123.242.172, 2024-04-29 01:09:02, success, false, 
118.211.142.105, 2024-09-17 14:12:12, failure, false, 
131.90.35.245, 2024-10-04 22:33:18, failure, false, 
75.10.207.137, 2024-05-30 04:53:45, failure, false, 
132.115.122.87, 2024-07-26 06:20:00, failure, false, 
85.236.122.203, 2024-10-15 02:27:52, success, false, 
122.47.226.222, 2024-10-26 09:21:44, success, false, 
42.229.26.55, 2024-10-31 03:52:05, failure, false, 
137.111.226.73, 2024-12-08 18:40:59, failure, false, 
101.45.58.19, 2024-07-07 23:26:04, success, false, 
166.98.231.118, 2024-06-07 09:17:02, failure, false, 
192.228.192.188, 2024-01-04 11:48:53, success, false, 
44.193.199.51, 2024-01-18 20:56:10, failure, false, 
58.231.113.57, 2024-12-07 14:56:17, success, false, 
242.221.65.118, 2024-02-04 16:54:37, success, false, 
28.235.245.109, 2024-10-14 03:06:37, failure, false, 
148.74.91.122, 2024-11-21 18:48:02, success, false, 
237.244.191.201, 2024-10-12 03:12:28, success, false, 
34.34.126.244, 2024-08-07 00:07:44, success, false, 
231.207.252.245, 2024-02-26 15:34:30, success, false, 
72.175.14.199, 2024-10-12 01:47:56, failure, false, 
83.224.223.149, 2024-08-02 10:59:07, failure, false, 
111.197.210.51, 2024-12-22 08:49:56, failure, false, 
0.225.143.125, 2024-06-01 08:54:06, failure, true, 
75.243.143.240, 2024-02-21 04:25:59, failure, false, 
45.24.14.184, 2024-05-11 20:05:41, failure, false, 
159.0.110.104, 2024-02-29 14:05:39, success, false, 
199.166.196.16, 2024-02-08 20:55:43, failure, true, 
231.117.95.178, 2024-06-01 13:01:40, failure, false, 
198.36.228.105, 2024-11-09 08:00:30, failure, false, 
65.11.220.209, 2024-07-26 23:52:38, failure, false, 
155.12.161.57, 2024-10-12 18:25:05, success, false, 
59.21.22.112, 2024-06-30 23:34:16, failure, false, 
211.249.81.169, 2024-10-14 01:34:42, failure, false, 
211.71.100.201, 2024-02-07 18:44:59, success, false, 
151.136.120.69, 2024-01-13 16:49:48, failure, false, 
53.8.58.216, 2024-02-11 08:09:00, failure, true, 
32.31.139.111, 2024-04-20 12:19:43, failure, false, 
175.144.255.243, 2024-06-04 16:46:26, failure, false, 
111.3.149.255, 2024-06-29 06:10:46, failure, false, 
55.139.54.223, 2024-05-18 13:57:35, failure, false, 
44.24.99.36, 2024-01-04 01:25:27, success, false, 
224.243.38.243, 2024-06-02 09:50:58, success, false, 
193.219.73.50, 2024-10-11 00:36:31, failure, false, 
13.22.48.106, 2024-07-17 15:54:59, success, false, 
96.220.241.185, 2024-08-27 07:43:37, failure, false, 
225.158.138.24, 2024-11-09 01:22:52, failure, false, 
234.17.12.35, 2024-09-03 12:23:54, success, false, 
5.29.189.12, 2024-10-15 13:16:19, failure, false, 
237.123.26.31, 2024-03-11 11:42:24, failure, false, 
162.65.20.22, 2024-04-05 13:40:35, failure, false, 
8.203.219.72, 2024-03-12 19:28:22, failure, false, 
106.249.46.12, 2024-05-07 21:08:12, success, false, 
140.4.155.189, 2024-11-19 08:47:49, success, false, 
30.253.61.145, 2024-11-28 01:23:00, failure, false, 
0.18.169.36, 2024-11-20 15:16:48, failure, false, 
140.32.117.136, 2024-06-27 11:39:04, success, false, 
31.53.77.200, 2024-12-05 23:29:04, success, false, 
232.55.64.247, 2024-12-03 16:02:46, failure, false, 
253.178.46.124, 2024-05-03 19:01:33, success, false, 
240.70.191.138, 2024-07-28 10:46:05, success, false, 
249.79.229.36, 2024-02-26 21:42:08, success, false, 
23.146.193.214, 2024-08-05 03:53:56, success, false, 
84.82.209.120, 2024-05-01 16:50:23, success, false, 
148.71.19.139, 2024-10-18 18:55:26, failure, true, 
124.183.3.41, 2024-05-04 02:29:29, success, false, 
32.210.61.57, 2024-09-27 13:02:56, failure, false, 
48.64.226.43, 2024-05-22 00:49:13, success, false, 
157.157.252.194, 2024-04-22 03:35:45, success, false, 
230.238.189.220, 2024-09-10 08:22:47, failure, false, 
45.158.249.134, 2024-10-30 08:49:07, success, false, 
35.26.27.218, 2024-01-14 05:30:35, success, false, 
177.160.117.104, 2024-09-24 08:38:53, success, false, 
195.216.178.109, 2024-02-20 06:42:40, success, false, 
6.230.173.227, 2024-11-25 06:14:24, failure, false, 
45.169.100.82, 2024-05-18 07:17:59, failure, false, 
97.93.67.212, 2024-02-03 15:26:12, failure, false, 
77.108.240.219, 2024-11-22 20:37:12, success, false, 
213.183.247.80, 2024-07-15 17:58:40, success, false, 
205.59.69.2, 2024-03-28 16:58:19, success, false, 
225.6.37.101, 2024-07-03 14:56:17, failure, false, 
113.231.135.78, 2024-08-14 02:44:13, success, false, 
10.62.184.63, 2024-10-21 01:10:49, failure, false, 
78.225.181.191, 2024-11-04 06:17:40, success, false, 
179.26.67.68, 2024-11-29 19:25:48, failure, false, 
209.246.184.239, 2024-11-23 01:56:56, failure, false, 
183.237.227.87, 2024-09-17 12:48:36, failure, false, 
72.60.190.100, 2024-12-24 07:52:40, success, false, 
162.50.197.255, 2024-06-23 01:47:44, failure, false, 
97.67.27.189, 2024-03-27 09:33:59, success, false, 
209.113.232.45, 2024-03-16 23:30:47, failure, false, 
249.144.0.44, 2024-03-22 09:23:57, success, false, 
45.89.70.233, 2024-10-13 12:09:55, success, false, 
55.70.120.202, 2024-07-22 08:07:06, success, false, 
222.253.156.43, 2024-09-27 06:04:44, success, false, 
180.189.120.123, 2024-02-05 09:02:17, failure, false, 
154.177.37.13, 2024-09-17 16:13:16, failure, false, 
239.0.228.67, 2024-06-21 08:44:50, success, false, 
233.97.66.145, 2024-06-12 00:57:05, failure, false, 
166.254.21.55, 2024-01-17 09:53:39, success, false, 
70.46.101.132, 2024-03-10 09:00:27, failure, true, 
98.252.112.132, 2024-08-24 12:36:15, success, false, 
59.239.117.15, 2024-08-03 12:15:04, failure, false, 
68.10.27.221, 2024-06-19 12:14:19, failure, false, 
155.52.215.43, 2024-04-19 15:25:35, failure, false, 
206.193.254.26, 2024-12-19 13:06:41, failure, false, 
124.172.120.144, 2024-04-21 18:12:45, failure, false, 
194.169.203.143, 2024-01-21 19:03:10, failure, false, 
207.153.72.193, 2024-02-20 07:19:58, success, false, 
45.119.59.134, 2024-09-20 12:33:15, failure, true, 
203.5.187.181, 2024-11-06 19:10:11, success, false, 
174.72.188.251, 2024-03-11 12:17:20, success, false, 
143.214.60.47, 2024-02-14 14:44:12, failure, false, 
43.189.50.153, 2024-07-30 15:14:32, success, false, 
214.62.54.52, 2024-11-09 11:26:42, success, false, 
195.245.80.75, 2024-07-08 19:38:05, success, false, 
3.182.50.247, 2024-03-16 02:40:29, failure, false, 
85.156.205.160, 2024-02-27 23:51:39, failure, true, 
102.205.179.3, 2024-01-23 08:44:15, success, false, 
192.103.58.241, 2024-08-30 20:28:18, success, false, 
203.115.47.32, 2024-09-24 05:10:36, success, false, 
120.218.245.162, 2024-11-18 23:08:16, success, false, 
20.249.191.68, 2024-06-30 19:49:48, failure, true, 
247.58.41.38, 2024-07-21 18:51:48, failure, false, 
160.32.109.36, 2024-05-24 14:16:41, success, false, 
153.213.198.161, 2024-04-20 21:10:29, failure, false, 
152.5.91.64, 2024-04-05 07:23:18, success, false, 
139.237.121.136, 2024-08-28 00:44:27, success, false, 
128.36.162.197, 2024-09-18 05:28:28, success, false, 
89.80.83.44, 2024-07-02 14:40:09, success, false, 
78.152.233.3, 2024-06-09 03:22:27, failure, true, 
74.252.97.32, 2024-07-08 14:54:06, success, false, 
236.74.70.113, 2024-04-25 17:09:33, failure, false, 
143.31.88.224, 2024-03-14 23:17:40, success, false, 
165.118.181.32, 2024-02-05 20:44:34, failure, true, 
80.213.134.62, 2024-04-09 05:32:58, success, false, 
128.3.80.34, 2024-05-04 18:45:11, success, false, 
117.248.159.29, 2024-07-08 04:32:06, success, false, 
16.13.85.232, 2024-03-23 21:17:49, success, false, 
139.186.214.115, 2024-11-09 05:14:00, success, false, 
28.200.242.94, 2024-09-07 16:41:53, success, false, 
172.253.42.157, 2024-05-29 09:28:50, failure, false, 
106.29.80.212, 2024-07-30 22:05:13, success, false, 
215.250.124.147, 2024-12-07 16:28:13, failure, false, 
3.230.168.160, 2024-06-03 23:54:51, success, false, 
222.179.222.130, 2024-04-11 10:37:51, failure, false, 
172.116.136.159, 2024-02-26 10:28:45, success, false, 
78.33.15.241, 2024-11-19 14:37:16, failure, false, 
24.42.58.231, 2024-11-28 11:56:22, success, false, 
30.183.212.205, 2024-08-10 01:51:18, success, false, 
135.200.107.148, 2024-11-08 11:28:35, success, false, 
52.206.90.170, 2024-05-24 16:07:56, failure, false, 
199.163.122.233, 2024-06-25 19:48:47, success, false, 
173.170.150.189, 2024-12-07 05:42:13, failure, false, 
225.159.185.164, 2024-08-03 10:50:57, failure, false, 
214.117.111.1, 2024-08-14 08:19:36, success, false, 
150.85.218.181, 2024-10-04 06:01:22, failure, false, 
120.137.135.80, 2024-10-31 07:56:28, success, false, 
77.211.93.209, 2024-12-27 03:40:11, failure, false, 
195.194.164.66, 2024-10-10 23:23:45, success, false, 
22.143.133.149, 2024-05-20 17:19:41, success, false, 
53.40.220.80, 2024-03-03 22:43:52, failure, false, 
110.87.184.242, 2024-01-28 10:35:07, failure, false, 
210.110.99.173, 2024-08-28 03:26:06, failure, false, 
63.144.23.48, 2024-12-07 17:36:15, success, false, 
63.108.2.14, 2024-10-04 12:22:50, failure, false, 
63.240.61.15, 2024-09-08 00:23:06, success, false, 
152.198.187.179, 2024-07-13 22:05:08, failure, false, 
138.0.177.191, 2024-07-30 08:44:41, success, false, 
48.46.170.135, 2024-03-30 18:14:29, failure, false, 
49.165.149.95, 2024-06-11 01:20:37, success, false, 
34.151.49.200, 2024-12-01 18:19:16, failure, false, 
119.185.227.128, 2024-06-30 09:22:54, failure, false, 
157.139.73.11, 2024-02-05 08:40:05, success, false, 
83.84.231.173, 2024-01-08 00:01:48, failure, false, 
229.28.241.39, 2024-06-25 15:23:50, success, false, 
87.182.245.194, 2024-04-10 14:30:54, failure, false, 
226.106.174.38, 2024-03-25 12:54:53, failure, false, 
237.84.243.217, 2024-10-08 12:19:53, success, false, 
111.30.20.187, 2024-08-31 16:42:21, success, false, 
125.162.209.141, 2024-11-29 16:53:23, success, false, 
254.17.190.54, 2024-09-03 19:09:08, failure, false, 
5.93.38.215, 2024-09-05 06:16:52, failure, false, 
105.150.243.135, 2024-05-09 21:03:06, success, false, 
207.214.61.34, 2024-05-08 19:26:22, success, false, 
14.223.113.173, 2024-05-30 01:49:45, failure, false, 
122.220.188.128, 2024-06-23 14:06:48, failure, false, 
247.18.69.86, 2024-02-06 15:00:04, failure, false, 
106.25.219.197, 2024-01-29 21:23:16, success, false, 
41.61.250.190, 2024-03-16 03:26:17, success, false, 
230.224.187.128, 2024-10-19 21:17:00, failure, false, 
88.242.216.89, 2024-09-23 05:42:33, failure, false, 
168.150.180.127, 2024-04-22 22:10:53, success, false, 
27.100.140.197, 2024-06-14 17:21:54, success, false, 
160.194.159.16, 2024-04-13 03:41:12, success, false, 
100.128.98.85, 2024-09-30 14:22:15, failure, false, 
23.242.177.203, 2024-05-14 19:05:58, failure, false, 
247.251.43.161, 2024-03-26 19:51:35, success, false, 
46.186.106.235, 2024-02-08 12:43:59, failure, false, 
56.69.198.43, 2024-05-18 00:25:38, failure, false, 
197.11.163.66, 2024-03-09 01:26:55, success, false, 
73.58.77.168, 2024-04-08 19:27:51, failure, false, 
64.47.86.36, 2024-11-11 07:42:16, success, false, 
138.107.42.64, 2024-02-13 18:07:57, failure, false, 
6.151.132.99, 2024-11-14 19:09:49, success, false, 
240.179.169.215, 2024-01-24 20:34:44, failure, true, 
183.233.64.141, 2024-08-08 13:19:15, success, false, 
224.161.245.142, 2024-12-25 03:38:41, failure, false, 
171.252.23.222, 2024-09-17 01:18:52, success, false, 
16.123.218.165, 2024-06-01 23:20:22, failure, false, 
104.203.225.76, 2024-12-09 22:24:57, failure, false, 
105.186.250.133, 2024-12-08 02:47:27, success, false, 
135.200.247.119, 2024-01-02 15:59:58, success, false, 
119.208.210.123, 2024-03-13 13:02:09, failure, false, 
239.94.25.176, 2024-06-06 13:34:22, success, false, 
88.164.47.162, 2024-07-07 09:03:51, success, false, 
9.51.130.152, 2024-02-25 18:05:57, failure, false, 
156.20.203.203, 2024-04-24 11:05:05, success, false, 
62.194.45.82, 2024-06-12 05:35:16, failure, false, 
229.218.106.14, 2024-01-22 12:42:49, success, false, 
88.45.118.29, 2024-10-18 09:41:17, failure, false, 
8.98.100.141, 2024-07-22 12:50:24, success, false, 
100.174.224.143, 2024-02-05 18:39:37, success, false, 
125.155.4.125, 2024-02-13 20:42:35, failure, false, 
24.210.183.15, 2024-11-06 06:28:08, failure, false, 
138.135.179.49, 2024-02-19 17:22:12, failure, false, 
199.100.201.19, 2024-04-11 18:38:05, success, false, 
28.61.14.39, 2024-12-07 15:37:20, failure, false, 
11.157.113.187, 2024-12-10 11:33:51, success, false, 
173.169.83.36, 2024-10-09 02:30:00, success, false, 
223.226.117.208, 2024-11-17 19:46:30, success, false, 
64.217.176.27, 2024-01-31 11:43:42, failure, true, 
122.203.75.15, 2024-09-06 23:03:13, failure, true, 
2.238.125.190, 2024-03-30 22:01:44, failure, false, 
7.23.90.161, 2024-02-03 17:17:55, failure, false, 
115.23.78.200, 2024-11-04 11:43:10, success, false, 
59.63.199.140, 2024-12-09 17:04:24, success, false, 
173.134.229.145, 2024-03-11 06:50:31, success, false, 
213.192.138.155, 2024-04-28 09:10:44, failure, false, 
222.100.105.12, 2024-03-22 17:47:30, failure, false, 
140.182.190.230, 2024-12-15 04:43:04, success, false, 
54.34.43.250, 2024-05-25 16:10:21, success, false, 
179.225.57.146, 2024-06-22 10:25:06, failure, true, 
196.186.237.113, 2024-02-25 17:34:53, success, false, 
83.116.234.35, 2024-05-30 23:38:24, failure, true, 
221.64.107.8, 2024-05-26 23:23:42, success, false, 
54.119.210.188, 2024-08-24 21:09:47, failure, true, 
226.205.250.11, 2024-11-12 17:34:47, failure, false, 
127.163.230.49, 2024-01-23 04:15:57, failure, false, 
100.198.172.207, 2024-04-04 13:29:55, success, false, 
206.231.145.239, 2024-06-12 05:50:28, success, false, 
110.237.112.203, 2024-12-11 03:46:41, failure, false, 
167.85.242.56, 2024-10-16 04:10:37, failure, false, 
126.67.96.137, 2024-09-11 12:39:00, success, false, 
78.42.159.131, 2024-04-15 15:16:15, success, false, 
200.222.197.83, 2024-08-22 16:46:58, success, false, 
234.174.143.44, 2024-11-27 21:22:26, success, false, 
93.155.4.17, 2024-08-16 19:26:36, failure, false, 
149.63.158.124, 2024-04-06 05:42:35, success, false, 
161.211.4.76, 2024-09-22 03:46:38, failure, false, 
154.162.89.98, 2024-11-20 03:45:09, failure, false, 
172.95.211.53, 2024-01-29 03:35:34, failure, false, 
72.103.59.32, 2024-02-03 15:59:55, failure, false, 
39.187.177.235, 2024-11-05 04:20:53, success, false, 
234.189.122.19, 2024-04-04 03:48:45, success, false, 
163.225.125.15, 2024-01-13 17:49:38, success, false, 
67.121.85.141, 2024-05-15 11:59:05, failure, false, 
176.30.247.155, 2024-10-09 07:29:10, failure, true, 
186.225.40.95, 2024-06-23 11:49:21, failure, false, 
37.96.193.233, 2024-08-09 15:56:32, success, false, 
77.86.18.22, 2024-09-01 03:56:51, success, false, 
127.100.126.235, 2024-11-23 07:09:24, failure, false, 
246.229.127.91, 2024-07-26 16:24:02, success, false, 
238.10.14.182, 2024-08-18 12:35:54, success, false, 
241.78.240.199, 2024-10-18 01:07:39, success, false, 
235.193.73.120, 2024-11-20 01:23:37, failure, false, 
175.192.137.14, 2024-09-18 22:12:07, failure, false, 
15.222.18.100, 2024-08-09 00:41:09, success, false, 
247.178.24.106, 2024-03-06 14:22:07, failure, false, 
124.233.208.37, 2024-05-20 21:51:53, success, false, 
19.57.181.106, 2024-09-10 16:45:45, success, false, 
216.232.182.4, 2024-01-30 16:00:02, failure, false, 
28.72.107.153, 2024-07-17 01:25:31, success, false, 
120.209.71.212, 2024-12-08 00:30:30, success, false, 
178.80.109.62, 2024-11-19 16:49:34, success, false, 
177.231.108.64, 2024-08-16 14:39:02, failure, false, 
50.163.213.35, 2024-10-02 05:06:00, success, false, 
174.80.180.105, 2024-07-27 11:37:57, failure, false, 
15.75.196.71, 2024-01-10 22:47:26, failure, false, 
116.238.235.142, 2024-07-05 11:26:41, success, false, 
56.72.34.157, 2024-09-21 07:41:05, failure, false, 
95.171.135.131, 2024-10-13 02:28:46, failure, false, 
91.217.46.108, 2024-12-14 18:40:44, success, false, 
179.5.218.5, 2024-09-09 19:35:24, failure, false, 
122.186.173.90, 2024-01-09 19:24:41, failure, false, 
133.16.95.27, 2024-01-16 01:00:43, success, false, 
140.246.181.25, 2024-11-12 11:31:05, success, false, 
221.16.151.84, 2024-09-06 13:52:12, failure, false, 
37.74.37.159, 2024-05-30 03:33:34, success, false, 
91.196.52.212, 2024-01-20 03:34:13, failure, false, 
62.34.222.5, 2024-12-17 09:05:52, success, false, 
157.146.228.104, 2024-06-24 00:48:35, success, false, 
107.96.0.73, 2024-05-16 15:02:35, success, false, 
133.166.1.64, 2024-11-09 08:23:27, failure, false, 
229.234.193.146, 2024-11-22 13:32:12, failure, false, 
54.20.105.138, 2024-05-28 03:55:18, failure, false, 
151.198.5.215, 2024-05-25 00:15:32, failure, false, 
85.163.144.122, 2024-01-13 15:32:19, failure, false, 
51.136.83.186, 2024-06-30 13:52:45, failure, false, 
224.209.244.109, 2024-09-27 12:53:48, failure, false, 
109.190.226.131, 2024-06-28 09:17:13, failure, false, 
115.69.193.84, 2024-04-23 16:27:09, success, false, 
87.220.96.194, 2024-09-16 14:32:28, failure, false, 
214.240.18.81, 2024-07-15 11:30:59, failure, true, 
228.51.122.250, 2024-08-11 01:55:50, failure, false, 
107.146.74.95, 2024-11-27 02:52:09, failure, true, 
229.48.182.95, 2024-10-23 22:44:10, success, false, 
254.10.14.153, 2024-08-25 17:03:17, success, false, 
193.230.220.27, 2024-11-03 23:12:00, success, false, 
210.154.65.201, 2024-07-07 14:39:45, success, false, 
88.246.123.225, 2024-03-14 18:03:34, failure, false, 
209.147.3.18, 2024-01-01 04:00:21, failure, false, 
233.231.32.210, 2024-03-11 18:56:36, success, false, 
244.249.222.173, 2024-01-11 21:55:25, success, false, 
175.231.79.130, 2024-08-09 18:07:52, failure, false, 
111.113.93.188, 2024-05-10 21:43:17, success, false, 
47.7.207.246, 2024-09-12 10:21:21, success, false, 
39.228.234.239, 2024-12-05 00:28:51, success, false, 
245.203.208.158, 2024-08-16 07:51:11, success, false, 
45.243.106.70, 2024-11-08 21:52:07, failure, true, 
193.223.199.97, 2024-06-12 09:45:22, success, false, 
114.194.65.197, 2024-03-09 00:06:54, failure, false, 
123.4.243.196, 2024-10-23 18:31:49, success, false, 
231.147.118.57, 2024-05-29 09:42:30, success, false, 
123.197.92.15, 2024-03-06 03:58:50, failure, false, 
140.150.145.73, 2024-01-21 10:28:02, failure, false, 
172.236.115.199, 2024-02-22 00:12:14, failure, false, 
124.78.143.61, 2024-02-28 01:23:43, failure, false, 
13.68.232.81, 2024-12-29 16:44:54, success, false, 
50.154.55.57, 2024-11-29 20:55:10, success, false, 
168.85.8.247, 2024-04-08 09:06:21, success, false, 
209.215.161.2, 2024-06-06 03:36:50, failure, false, 
179.70.243.34, 2024-12-10 12:19:16, failure, false, 
190.60.73.219, 2024-03-01 00:51:43, success, false, 
156.228.53.104, 2024-05-04 11:53:51, success, false, 
55.27.180.222, 2024-07-25 10:24:36, failure, false, 
170.73.220.28, 2024-10-29 14:33:26, failure, false, 
97.242.159.253, 2024-09-18 20:28:46, failure, false, 
68.117.53.217, 2024-10-30 21:12:06, success, false, 
92.116.100.94, 2024-05-10 21:26:44, success, false, 
114.35.40.20, 2024-09-11 21:52:14, failure, false, 
17.103.111.64, 2024-10-25 13:17:37, success, false, 
31.215.137.108, 2024-10-05 12:31:41, success, false, 
146.56.78.237, 2024-04-28 09:48:14, failure, false, 
186.79.3.12, 2024-04-25 08:07:05, failure, false, 
181.208.17.34, 2024-02-18 06:10:00, failure, false, 
198.189.189.171, 2024-05-17 17:07:30, success, false, 
129.16.109.74, 2024-12-14 18:58:40, failure, false, 
132.6.50.37, 2024-11-11 10:54:24, failure, true, 
52.217.75.236, 2024-07-19 23:45:49, failure, false, 
75.230.214.112, 2024-09-08 08:16:09, failure, true, 
123.137.249.109, 2024-10-21 06:47:14, failure, false, 
199.159.170.38, 2024-07-08 07:49:20, failure, false, 
18.5.28.149, 2024-03-17 02:23:14, success, false, 
85.154.181.140, 2024-09-10 11:16:51, success, false, 
113.18.19.160, 2024-12-01 04:34:08, failure, false, 
26.223.186.37, 2024-05-26 22:47:11, failure, false, 
64.93.117.83, 2024-06-08 01:51:31, failure, false, 
90.137.163.49, 2024-01-09 15:50:51, success, false, 
214.238.194.0, 2024-11-14 03:28:06, success, false, 
118.37.68.123, 2024-08-31 07:59:25, success, false, 
161.16.141.253, 2024-12-23 00:36:23, failure, false, 
147.82.128.119, 2024-03-23 04:47:44, failure, false, 
146.68.237.121, 2024-02-05 08:24:25, failure, false, 
17.248.179.43, 2024-05-18 16:15:58, failure, false, 
199.44.151.98, 2024-06-21 11:46:17, success, false, 
21.61.49.9, 2024-10-10 18:06:54, failure, false, 
152.26.221.224, 2024-12-25 18:26:42, failure, false, 
165.88.224.201, 2024-11-23 23:43:00, failure, false, 
71.234.244.83, 2024-10-24 00:44:32, failure, false, 
139.247.190.62, 2024-03-01 01:13:30, failure, false, 
12.216.154.192, 2024-09-09 03:16:20, failure, false, 
251.204.81.103, 2024-05-08 20:16:40, success, false, 
49.236.98.220, 2024-12-23 01:31:20, failure, false, 
217.77.196.87, 2024-04-27 01:40:35, success, false, 
92.53.76.18, 2024-05-04 03:46:56, success, false, 
22.14.91.63, 2024-09-15 16:56:27, success, false, 
244.103.218.177, 2024-06-06 13:41:03, failure, false, 
176.158.107.173, 2024-05-13 22:31:43, success, false, 
239.15.129.157, 2024-04-14 20:07:59, success, false, 
5.162.55.140, 2024-12-24 14:21:09, success, false, 
59.94.237.249, 2024-05-24 05:27:26, failure, true, 
255.83.217.185, 2024-10-13 21:04:11, success, false, 
250.220.164.164, 2024-02-10 08:45:25, success, false, 
115.15.158.158, 2024-09-16 02:25:30, success, false, 
12.254.29.3, 2024-04-08 19:51:11, failure, false, 
107.204.109.79, 2024-08-10 00:31:11, failure, false, 
217.168.84.241, 2024-12-21 14:48:50, failure, false, 
150.86.172.46, 2024-10-21 10:40:53, failure, false, 
47.61.191.243, 2024-07-24 16:46:08, failure, false, 
144.189.36.230, 2024-02-13 03:19:49, success, false, 
101.183.230.241, 2024-07-06 07:08:22, failure, false, 
150.136.94.25, 2024-05-16 13:08:18, failure, false, 
202.6.171.166, 2024-11-20 17:55:33, success, false, 
182.183.52.205, 2024-11-14 22:32:54, failure, false, 
81.11.79.95, 2024-12-17 03:00:44, success, false, 
57.100.187.52, 2024-10-15 04:34:50, failure, false, 
68.80.119.44, 2024-11-24 22:42:13, success, false, 
168.117.84.123, 2024-12-26 11:52:47, success, false, 
136.227.248.54, 2024-01-10 11:55:07, failure, false, 
242.148.3.224, 2024-04-22 05:52:51, success, false, 
178.156.155.185, 2024-08-03 11:53:35, success, false, 
158.48.207.114, 2024-10-16 02:07:45, success, false, 
246.211.253.37, 2024-06-10 14:52:40, success, false, 
26.171.37.69, 2024-02-18 18:21:37, success, false, 
47.83.84.72, 2024-09-12 03:14:47, failure, false, 
127.132.71.41, 2024-12-01 08:12:52, failure, false, 
166.149.234.93, 2024-11-03 09:26:05, success, false, 
0.103.227.196, 2024-12-09 08:40:50, success, false, 
223.78.221.150, 2024-04-28 06:18:59, success, false, 
138.29.47.135, 2024-02-29 19:21:46, success, false, 
239.188.153.184, 2024-04-28 04:45:10, success, false, 
185.233.198.176, 2024-12-29 16:00:13, failure, false, 
46.123.229.83, 2024-12-08 12:05:10, failure, true, 
102.129.37.86, 2024-10-21 09:33:22, success, false, 
254.221.222.225, 2024-02-10 01:41:42, success, false, 
170.137.74.83, 2024-08-17 11:01:14, failure, false, 
183.138.80.166, 2024-05-01 14:04:50, success, false, 
57.27.56.164, 2024-07-22 22:22:21, success, false, 
169.120.142.55, 2024-08-16 10:52:34, success, false, 
197.108.195.24, 2024-01-15 22:11:52, failure, false, 
37.98.152.202, 2024-09-23 02:00:54, success, false, 
203.149.23.98, 2024-01-11 05:15:22, failure, false, 
232.173.241.22, 2024-04-03 20:04:54, failure, false, 
159.199.2.117, 2024-10-19 12:37:56, failure, false, 
112.126.213.170, 2024-12-08 18:21:28, success, false, 
14.63.65.71, 2024-04-18 00:05:08, success, false, 
120.59.206.235, 2024-05-14 02:49:16, failure, false, 
189.59.35.88, 2024-10-06 20:16:36, failure, false, 
153.194.95.219, 2024-11-15 06:12:48, failure, false, 
124.193.110.59, 2024-02-27 17:55:37, failure, false, 
167.181.193.160, 2024-06-30 07:57:20, success, false, 
251.206.160.53, 2024-12-25 10:28:13, success, false, 
71.70.108.90, 2024-05-17 05:50:18, success, false, 
76.236.56.34, 2024-09-21 13:27:35, failure, false, 
241.127.189.223, 2024-06-05 16:37:55, failure, false, 
235.8.22.113, 2024-10-16 10:04:32, success, false, 
154.146.76.62, 2024-07-26 05:44:00, failure, false, 
24.33.54.113, 2024-05-21 14:58:00, success, false, 
59.134.169.165, 2024-04-05 17:56:31, success, false, 
84.14.218.245, 2024-04-05 13:39:54, failure, false, 
180.192.79.29, 2024-10-31 01:51:42, failure, false, 
10.67.34.162, 2024-11-18 13:16:37, failure, false, 
136.70.9.90, 2024-06-20 15:03:00, failure, false, 
44.246.111.116, 2024-05-30 10:54:33, failure, false, 
132.5.5.53, 2024-03-10 21:06:27, failure, false, 
131.141.134.89, 2024-03-15 14:28:52, success, false, 
112.182.8.1, 2024-10-03 03:42:53, success, false, 
130.172.177.61, 2024-03-11 07:58:32, failure, false, 
202.6.53.25, 2024-01-06 19:06:31, success, false, 
255.195.239.216, 2024-06-09 14:20:50, success, false, 
56.161.140.243, 2024-09-01 14:56:27, success, false, 
34.190.248.101, 2024-02-06 20:34:43, success, false, 
51.124.163.58, 2024-02-01 05:26:10, success, false, 
230.120.108.109, 2024-08-01 11:37:51, success, false, 
132.49.150.251, 2024-01-12 19:28:17, failure, false, 
188.197.59.247, 2024-09-30 10:01:14, failure, false, 
209.146.201.100, 2024-10-01 23:58:19, failure, false, 
2.197.191.172, 2024-05-02 20:47:38, success, false, 
137.209.207.99, 2024-02-11 11:04:26, failure, false, 
48.101.134.108, 2024-06-19 12:40:35, success, false, 
228.243.90.244, 2024-05-07 15:02:10, success, false, 
159.172.250.30, 2024-04-09 08:15:32, failure, false, 
88.146.37.212, 2024-07-14 14:00:47, success, false, 
133.108.207.188, 2024-03-31 02:07:06, failure, false, 
56.229.234.236, 2024-04-22 04:39:05, success, false, 
254.180.48.75, 2024-01-23 06:40:03, success, false, 
209.77.37.243, 2024-03-06 20:41:06, success, false, 
143.20.97.171, 2024-03-15 09:28:59, success, false, 
6.122.123.38, 2024-12-04 11:54:48, failure, false, 
